,count,mean,std,min,25%,50%,75%,max
Row ID,9800.0,4900.5,2829.1606529145706,1.0,2450.75,4900.5,7350.25,9800.0
Postal Code,9789.0,55273.322402696904,32041.223412812957,1040.0,23223.0,58103.0,90008.0,99301.0
Sales,9800.0,230.76905945918367,626.6518748388042,0.444,17.248,54.489999999999995,210.60500000000002,22638.48
year,9800.0,2016.7241836734695,1.123983976997798,2015.0,2016.0,2017.0,2018.0,2018.0
month,9800.0,7.818469387755102,3.2819050580981273,1.0,5.0,9.0,11.0,12.0
